"record_id","disagreement","group_id","family"
"cu_phase2-04d5f37a4f547e05",3.92044638527444e-07,"elastic_mode_2","Elastic
(n=80)"
"cu_phase2-052d92aa669dbfbd",4.19839380265721e-07,"elastic_mode_4","Elastic
(n=80)"
"cu_phase2-08dba8cd1d8a6b74",3.81086316925745e-07,"elastic_mode_5","Elastic
(n=80)"
"cu_phase2-0c80c5086d4c57c9",4.7657580053613e-07,"elastic_mode_3","Elastic
(n=80)"
"cu_phase2-0e8a483379e04977",4.74756096367311e-07,"elastic_mode_2","Elastic
(n=80)"
"cu_phase2-0ec4ec8beb9c30d5",3.87612885510187e-07,"elastic_mode_4","Elastic
(n=80)"
"cu_phase2-12d4d255371b703d",3.39008197185137e-07,"elastic_mode_3","Elastic
(n=80)"
"cu_phase2-15f9116d090bf616",4.30075072023891e-07,"elastic_mode_2","Elastic
(n=80)"
"cu_phase2-1766c871bf661014",4.1534791143411e-07,"elastic_mode_5","Elastic
(n=80)"
"cu_phase2-1aaf29be254fc3f1",4.92937112241875e-07,"elastic_mode_3","Elastic
(n=80)"
"cu_phase2-2585277e26a597f2",3.50984420524924e-07,"elastic_mode_2","Elastic
(n=80)"
"cu_phase2-28cfaaa20fc65768",4.69792595959935e-07,"elastic_mode_2","Elastic
(n=80)"
"cu_phase2-2c5595ace7854bd3",4.29323269460628e-07,"elastic_mode_4","Elastic
(n=80)"
"cu_phase2-2e95b3c9875f19bd",5.26419146207621e-07,"elastic_mode_2","Elastic
(n=80)"
"cu_phase2-2e9a27a64799198d",4.17614088498039e-07,"elastic_mode_5","Elastic
(n=80)"
"cu_phase2-2efd51a12d6a76c6",4.44880897937976e-07,"elastic_mode_2","Elastic
(n=80)"
"cu_phase2-3684addaf3256925",2.80682707635971e-07,"elastic_mode_3","Elastic
(n=80)"
"cu_phase2-3bd8029a627bd026",4.27698466285251e-07,"elastic_mode_4","Elastic
(n=80)"
"cu_phase2-3c98b918f5983fcd",3.50881070640582e-07,"elastic_mode_3","Elastic
(n=80)"
"cu_phase2-4160129e1570c018",4.77941305668655e-07,"elastic_mode_3","Elastic
(n=80)"
"cu_phase2-437365c97628b524",3.47917642788606e-07,"elastic_mode_3","Elastic
(n=80)"
"cu_phase2-46a288cc84173847",4.25486891063884e-07,"elastic_mode_5","Elastic
(n=80)"
"cu_phase2-4c5a9af9abbc3ee6",4.2976090374231e-07,"elastic_mode_4","Elastic
(n=80)"
"cu_phase2-4c8c6cd523ec6f3f",5.77640792632143e-07,"elastic_mode_3","Elastic
(n=80)"
"cu_phase2-4f0a41002fb5b805",4.39029961609575e-07,"elastic_mode_4","Elastic
(n=80)"
"cu_phase2-50a688cd6f47b2dd",4.14298687242738e-07,"elastic_mode_4","Elastic
(n=80)"
"cu_phase2-596bac7942b4a38d",4.03961332851874e-07,"elastic_mode_4","Elastic
(n=80)"
"cu_phase2-598ded6e23842c13",3.16318455304036e-07,"elastic_mode_2","Elastic
(n=80)"
"cu_phase2-59f012ee48ea1425",3.89925339838329e-07,"elastic_mode_3","Elastic
(n=80)"
"cu_phase2-5f332d1752273ed3",4.17159734778011e-07,"elastic_mode_4","Elastic
(n=80)"
"cu_phase2-606c0d6d9acfe37a",4.21145774037479e-07,"elastic_mode_4","Elastic
(n=80)"
"cu_phase2-60fafcaaceab1dcd",4.42054394641214e-07,"elastic_mode_3","Elastic
(n=80)"
"cu_phase2-60fe7520c48fa33c",4.13435435713361e-07,"elastic_mode_5","Elastic
(n=80)"
"cu_phase2-686a258c7f677cd4",4.33452308014454e-07,"elastic_mode_5","Elastic
(n=80)"
"cu_phase2-6a86f4d57a847686",4.19825804880788e-07,"elastic_mode_5","Elastic
(n=80)"
"cu_phase2-6abbd1b121714c1f",4.33288233761675e-07,"elastic_mode_3","Elastic
(n=80)"
"cu_phase2-6b8d9eb663757fbf",5.44756501402585e-07,"elastic_mode_3","Elastic
(n=80)"
"cu_phase2-6cb1b949bbe3363f",4.20525054994033e-07,"elastic_mode_5","Elastic
(n=80)"
"cu_phase2-70733061f0dc0e49",4.44422799894985e-07,"elastic_mode_2","Elastic
(n=80)"
"cu_phase2-73bbcbee3a024ba9",3.45312530175908e-07,"elastic_mode_2","Elastic
(n=80)"
"cu_phase2-7427e6d70d8ecfa4",4.14311896948447e-07,"elastic_mode_4","Elastic
(n=80)"
"cu_phase2-75d2f6a470646a13",4.37326272198378e-07,"elastic_mode_4","Elastic
(n=80)"
"cu_phase2-7749e0fce3d7fdef",4.25000130325747e-07,"elastic_mode_4","Elastic
(n=80)"
"cu_phase2-7c9f6aa656101ded",4.26110820969093e-07,"elastic_mode_5","Elastic
(n=80)"
"cu_phase2-7d2d5d36462bd007",5.67583729198562e-07,"elastic_mode_2","Elastic
(n=80)"
"cu_phase2-7ed35b5935836a57",4.12626853936341e-07,"elastic_mode_4","Elastic
(n=80)"
"cu_phase2-801e026615c238d4",4.17008193984835e-07,"elastic_mode_4","Elastic
(n=80)"
"cu_phase2-8997778730d07596",2.86965666711355e-07,"elastic_mode_2","Elastic
(n=80)"
"cu_phase2-8a6cc0d9784a14af",3.1849670947823e-07,"elastic_mode_3","Elastic
(n=80)"
"cu_phase2-8ec6f31cae6ecb8c",4.23427280693126e-07,"elastic_mode_5","Elastic
(n=80)"
"cu_phase2-8eda234d424cf951",4.23646622966017e-07,"elastic_mode_5","Elastic
(n=80)"
"cu_phase2-912fb535d137eadd",4.29312114268946e-07,"elastic_mode_5","Elastic
(n=80)"
"cu_phase2-913dcf70a4481879",4.39055600382457e-07,"elastic_mode_5","Elastic
(n=80)"
"cu_phase2-93aa15b347c663ba",3.43123521880231e-07,"elastic_mode_3","Elastic
(n=80)"
"cu_phase2-93adf8556aebaccb",4.45303400083318e-07,"elastic_mode_3","Elastic
(n=80)"
"cu_phase2-945921dddf05d00e",4.48172526451589e-07,"elastic_mode_4","Elastic
(n=80)"
"cu_phase2-9690a8be503eb242",4.27875549797446e-07,"elastic_mode_5","Elastic
(n=80)"
"cu_phase2-99767b16aae833b3",4.17350358073732e-07,"elastic_mode_5","Elastic
(n=80)"
"cu_phase2-9bce42fea0ff434b",4.24321589457718e-07,"elastic_mode_5","Elastic
(n=80)"
"cu_phase2-a28dec0b0d375eb5",4.9158309692124e-07,"elastic_mode_2","Elastic
(n=80)"
"cu_phase2-a818b96bea84d189",3.52081793215869e-07,"elastic_mode_2","Elastic
(n=80)"
"cu_phase2-b279a9fdd708ef79",4.87101558884308e-07,"elastic_mode_2","Elastic
(n=80)"
"cu_phase2-b47a9ae7c126b8dc",3.47315487698413e-07,"elastic_mode_2","Elastic
(n=80)"
"cu_phase2-ca9b40576660d843",5.04280329994018e-07,"elastic_mode_3","Elastic
(n=80)"
"cu_phase2-cfb7007801fb4c12",4.20262416990476e-07,"elastic_mode_5","Elastic
(n=80)"
"cu_phase2-d6b254d09d83fad0",3.88053426666177e-07,"elastic_mode_2","Elastic
(n=80)"
"cu_phase2-db6a2c8a354d7893",3.86742361765793e-07,"elastic_mode_3","Elastic
(n=80)"
"cu_phase2-dba43f6bd0bdc1e4",4.67721985507181e-07,"elastic_mode_3","Elastic
(n=80)"
"cu_phase2-de5a29bd3c5eb0f6",3.42814769672317e-07,"elastic_mode_2","Elastic
(n=80)"
"cu_phase2-e1610c02b33fde93",4.28435762618641e-07,"elastic_mode_4","Elastic
(n=80)"
"cu_phase2-ec3c3113e880938a",4.94133438615893e-07,"elastic_mode_2","Elastic
(n=80)"
"cu_phase2-ee844fae1e71f52d",4.37533690882151e-07,"elastic_mode_4","Elastic
(n=80)"
"cu_phase2-ef0f7c51149ca4ab",4.82307611814863e-07,"elastic_mode_2","Elastic
(n=80)"
"cu_phase2-f2730cdd93914067",4.71253624351048e-07,"elastic_mode_3","Elastic
(n=80)"
"cu_phase2-f3da11266ab7f954",4.39943801603653e-07,"elastic_mode_5","Elastic
(n=80)"
"cu_phase2-f64ce4d1bc6f7e6b",4.28291015654029e-07,"elastic_mode_4","Elastic
(n=80)"
"cu_phase2-f8887ad1b65728f3",3.98899697076616e-07,"elastic_mode_4","Elastic
(n=80)"
"cu_phase2-fbe1749aa3e1546e",4.20269926474423e-07,"elastic_mode_5","Elastic
(n=80)"
"cu_phase2-fe54b7fbdfbf66b1",3.85758195748636e-07,"elastic_mode_5","Elastic
(n=80)"
"cu_phase2-fec47ec3f1647382",3.61277048132177e-07,"elastic_mode_3","Elastic
(n=80)"
"cu_phase2-005632fa23c18fac",0.0068363955654988,"aimd_nvt_1000k","AIMD 1000 K
(n=40)"
"cu_phase2-069a9869b1d50cce",0.0076686229166473,"aimd_nvt_1000k","AIMD 1000 K
(n=40)"
"cu_phase2-088febb635d2f323",0.0067029395702194,"aimd_nvt_1000k","AIMD 1000 K
(n=40)"
"cu_phase2-108f9c544717a1d3",0.00751735313277934,"aimd_nvt_1000k","AIMD 1000 K
(n=40)"
"cu_phase2-17e1dbe41f195dbe",0.00646249022077677,"aimd_nvt_1000k","AIMD 1000 K
(n=40)"
"cu_phase2-1ef657cae17ceb88",0.00708505012484104,"aimd_nvt_1000k","AIMD 1000 K
(n=40)"
"cu_phase2-2142415dcec6cb53",0.00675985092512674,"aimd_nvt_1000k","AIMD 1000 K
(n=40)"
"cu_phase2-23593860243617ec",0.007298182088215,"aimd_nvt_1000k","AIMD 1000 K
(n=40)"
"cu_phase2-27e245da43210ba3",0.00744929982016887,"aimd_nvt_1000k","AIMD 1000 K
(n=40)"
"cu_phase2-32ab4a13a45ab0e4",0.00703268253626745,"aimd_nvt_1000k","AIMD 1000 K
(n=40)"
"cu_phase2-34f710d736b0c662",0.00710820468148987,"aimd_nvt_1000k","AIMD 1000 K
(n=40)"
"cu_phase2-425e341c1fac8c0e",0.00725279073840025,"aimd_nvt_1000k","AIMD 1000 K
(n=40)"
"cu_phase2-5a5460e6e5fb50f1",0.00746789100104094,"aimd_nvt_1000k","AIMD 1000 K
(n=40)"
"cu_phase2-5c9180bdb8da3fa0",0.00688550254930716,"aimd_nvt_1000k","AIMD 1000 K
(n=40)"
"cu_phase2-5dc73595f3204924",0.00726789508960051,"aimd_nvt_1000k","AIMD 1000 K
(n=40)"
"cu_phase2-63d90f3cbf66223d",0.00689836573370635,"aimd_nvt_1000k","AIMD 1000 K
(n=40)"
"cu_phase2-7bc2403fa6dc00b1",0.00708378007069769,"aimd_nvt_1000k","AIMD 1000 K
(n=40)"
"cu_phase2-80f3b38f37d74f72",0.00740820018731457,"aimd_nvt_1000k","AIMD 1000 K
(n=40)"
"cu_phase2-8414f3028f88ffff",0.00856290379803627,"aimd_nvt_1000k","AIMD 1000 K
(n=40)"
"cu_phase2-863be7c135b33843",0.00717295288157878,"aimd_nvt_1000k","AIMD 1000 K
(n=40)"
"cu_phase2-887014b48b209a22",0.00697000092326267,"aimd_nvt_1000k","AIMD 1000 K
(n=40)"
"cu_phase2-8f7da25aa92ee0a6",0.00732499549936611,"aimd_nvt_1000k","AIMD 1000 K
(n=40)"
"cu_phase2-9274fb26cc1c9426",0.0075092009020819,"aimd_nvt_1000k","AIMD 1000 K
(n=40)"
"cu_phase2-9758788f43e684cf",0.0071985380885944,"aimd_nvt_1000k","AIMD 1000 K
(n=40)"
"cu_phase2-9bcf04eaaf7c6ba5",0.00723657943228071,"aimd_nvt_1000k","AIMD 1000 K
(n=40)"
"cu_phase2-9c2ecca82328c361",0.00707666961860021,"aimd_nvt_1000k","AIMD 1000 K
(n=40)"
"cu_phase2-9c9b8e705fa2541a",0.00712031143613118,"aimd_nvt_1000k","AIMD 1000 K
(n=40)"
"cu_phase2-a5c5f705ad7c1813",0.00739383183342796,"aimd_nvt_1000k","AIMD 1000 K
(n=40)"
"cu_phase2-c98d6570184d499e",0.00707539958735005,"aimd_nvt_1000k","AIMD 1000 K
(n=40)"
"cu_phase2-cb01163fc376170b",0.00699242556578432,"aimd_nvt_1000k","AIMD 1000 K
(n=40)"
"cu_phase2-d02d098fa41d9b07",0.0077573067926228,"aimd_nvt_1000k","AIMD 1000 K
(n=40)"
"cu_phase2-db9f8a61819e2fa7",0.00718069318906804,"aimd_nvt_1000k","AIMD 1000 K
(n=40)"
"cu_phase2-dce45da7101fafa8",0.0069677350713711,"aimd_nvt_1000k","AIMD 1000 K
(n=40)"
"cu_phase2-dde842ceddb38719",0.00735234827169841,"aimd_nvt_1000k","AIMD 1000 K
(n=40)"
"cu_phase2-e19e8ff6daa28788",0.00718565808134007,"aimd_nvt_1000k","AIMD 1000 K
(n=40)"
"cu_phase2-e47b5e6170484331",0.00709319347450819,"aimd_nvt_1000k","AIMD 1000 K
(n=40)"
"cu_phase2-e85c25e094f19f03",0.00717052097159029,"aimd_nvt_1000k","AIMD 1000 K
(n=40)"
"cu_phase2-e9cbd09e11ab5281",0.0069092976049582,"aimd_nvt_1000k","AIMD 1000 K
(n=40)"
"cu_phase2-eb3c45d370cfda37",0.00685411155512964,"aimd_nvt_1000k","AIMD 1000 K
(n=40)"
"cu_phase2-ee0cabb4b3bcbb7c",0.00681952866347975,"aimd_nvt_1000k","AIMD 1000 K
(n=40)"
"cu_phase2-01a323b5b16f81cf",0.00610512008854555,"vacancy_3000k","Vacancy 3000 K
(n=20)"
"cu_phase2-082e6af690d484a9",0.0065416257771437,"vacancy_3000k","Vacancy 3000 K
(n=20)"
"cu_phase2-0cfc3ff1c60bad07",0.00656212077181804,"vacancy_3000k","Vacancy 3000 K
(n=20)"
"cu_phase2-25dd297e9851b5cd",0.00624318542199347,"vacancy_3000k","Vacancy 3000 K
(n=20)"
"cu_phase2-2b47628cbde83605",0.00665690298445001,"vacancy_3000k","Vacancy 3000 K
(n=20)"
"cu_phase2-34b03321ca0c8d48",0.00600854684715681,"vacancy_3000k","Vacancy 3000 K
(n=20)"
"cu_phase2-3820ba15e4b72842",0.00648897155234709,"vacancy_3000k","Vacancy 3000 K
(n=20)"
"cu_phase2-3fd3526e75af8473",0.00610254689537263,"vacancy_3000k","Vacancy 3000 K
(n=20)"
"cu_phase2-573a3b6e027c7f7e",0.00639634257537391,"vacancy_3000k","Vacancy 3000 K
(n=20)"
"cu_phase2-67bcd06085a133fc",0.00622649463091145,"vacancy_3000k","Vacancy 3000 K
(n=20)"
"cu_phase2-68437e47f6197c4a",0.00642270164812629,"vacancy_3000k","Vacancy 3000 K
(n=20)"
"cu_phase2-7ec096ae53774b05",0.00622617531139471,"vacancy_3000k","Vacancy 3000 K
(n=20)"
"cu_phase2-7fbdfea15dfe83db",0.0059580834090667,"vacancy_3000k","Vacancy 3000 K
(n=20)"
"cu_phase2-8576dcf1e8738d47",0.00614946079678531,"vacancy_3000k","Vacancy 3000 K
(n=20)"
"cu_phase2-8b38e90ec4b4388c",0.00651791924272962,"vacancy_3000k","Vacancy 3000 K
(n=20)"
"cu_phase2-948b90e76fbe7103",0.00692396842839878,"vacancy_3000k","Vacancy 3000 K
(n=20)"
"cu_phase2-9f4ad41a8d559158",0.00631600544847746,"vacancy_3000k","Vacancy 3000 K
(n=20)"
"cu_phase2-ab24a2268873c53c",0.00616895045377332,"vacancy_3000k","Vacancy 3000 K
(n=20)"
"cu_phase2-d64bec897f2daedf",0.00651730953011764,"vacancy_3000k","Vacancy 3000 K
(n=20)"
"cu_phase2-e97d0bedc7bab944",0.00642806716082923,"vacancy_3000k","Vacancy 3000 K
(n=20)"
"cu_phase2-154395f253b1385b",0.000984705923004157,"surface_3_3_2","Surface
(n=1)"
